dataset,method,epoch,homomorphic_seconds,refresh_seconds,metric_decryption_seconds,paired_simulated_refresh_seconds,seconds_per_epoch,accuracy,loss,max_plaintext_model_error,refreshed,level_before_refresh,level_after_refresh
framingham,plaintext,1,4.408e-06,0,0,0,4.408e-06,0.6886227545,0.6923548382,0,0,0,0
framingham,plaintext,2,4.168e-06,0,0,0,4.168e-06,0.6886227545,0.6915691943,0,0,0,0
framingham,plaintext,3,4.108e-06,0,0,0,4.108e-06,0.6886227545,0.6907901922,0,0,0,0
framingham,plaintext,4,4.118e-06,0,0,0,4.118e-06,0.6886227545,0.6900177754,0,0,0,0
framingham,plaintext,5,4.098e-06,0,0,0,4.098e-06,0.6886227545,0.689251888,0,0,0,0
framingham,plaintext,6,4.168e-06,0,0,0,4.168e-06,0.6886227545,0.6884924744,0,0,0,0
framingham,plaintext,7,4.108e-06,0,0,0,4.108e-06,0.6856287425,0.6877394794,0,0,0,0
framingham,plaintext,8,4.188e-06,0,0,0,4.188e-06,0.6856287425,0.6869928482,0,0,0,0
framingham,plaintext,9,4.108e-06,0,0,0,4.108e-06,0.6856287425,0.6862525265,0,0,0,0
framingham,plaintext,10,4.108e-06,0,0,0,4.108e-06,0.6856287425,0.6855184602,0,0,0,0
framingham,plaintext,11,4.098e-06,0,0,0,4.098e-06,0.6886227545,0.6847905957,0,0,0,0
framingham,plaintext,12,4.108e-06,0,0,0,4.108e-06,0.6886227545,0.6840688797,0,0,0,0
framingham,plaintext,13,4.118e-06,0,0,0,4.118e-06,0.6886227545,0.6833532595,0,0,0,0
framingham,plaintext,14,4.108e-06,0,0,0,4.108e-06,0.6886227545,0.6826436825,0,0,0,0
framingham,plaintext,15,4.118e-06,0,0,0,4.118e-06,0.6886227545,0.6819400967,0,0,0,0
framingham,plaintext,16,4.118e-06,0,0,0,4.118e-06,0.6886227545,0.6812424505,0,0,0,0
framingham,plaintext,17,4.107e-06,0,0,0,4.107e-06,0.6886227545,0.6805506924,0,0,0,0
framingham,plaintext,18,4.158e-06,0,0,0,4.158e-06,0.6886227545,0.6798647717,0,0,0,0
framingham,plaintext,19,4.138e-06,0,0,0,4.138e-06,0.6886227545,0.6791846377,0,0,0,0
framingham,plaintext,20,4.128e-06,0,0,0,4.128e-06,0.6886227545,0.6785102404,0,0,0,0
framingham,plaintext,21,4.118e-06,0,0,0,4.118e-06,0.6856287425,0.6778415299,0,0,0,0
framingham,plaintext,22,4.118e-06,0,0,0,4.118e-06,0.6856287425,0.6771784569,0,0,0,0
framingham,plaintext,23,4.118e-06,0,0,0,4.118e-06,0.6856287425,0.6765209724,0,0,0,0
framingham,plaintext,24,4.118e-06,0,0,0,4.118e-06,0.6856287425,0.6758690277,0,0,0,0
framingham,plaintext,25,4.118e-06,0,0,0,4.118e-06,0.6856287425,0.6752225746,0,0,0,0
framingham,plaintext,26,4.108e-06,0,0,0,4.108e-06,0.6856287425,0.6745815651,0,0,0,0
framingham,plaintext,27,4.158e-06,0,0,0,4.158e-06,0.6856287425,0.6739459519,0,0,0,0
framingham,plaintext,28,4.098e-06,0,0,0,4.098e-06,0.6856287425,0.6733156878,0,0,0,0
framingham,plaintext,29,4.117e-06,0,0,0,4.117e-06,0.6856287425,0.672690726,0,0,0,0
framingham,plaintext,30,4.108e-06,0,0,0,4.108e-06,0.6856287425,0.6720710201,0,0,0,0
framingham,plaintext,31,4.108e-06,0,0,0,4.108e-06,0.6856287425,0.671456524,0,0,0,0
framingham,plaintext,32,4.128e-06,0,0,0,4.128e-06,0.6856287425,0.6708471922,0,0,0,0
framingham,plaintext,33,4.128e-06,0,0,0,4.128e-06,0.6856287425,0.6702429794,0,0,0,0
framingham,plaintext,34,4.118e-06,0,0,0,4.118e-06,0.6856287425,0.6696438405,0,0,0,0
framingham,plaintext,35,4.118e-06,0,0,0,4.118e-06,0.6856287425,0.6690497311,0,0,0,0
framingham,plaintext,36,4.118e-06,0,0,0,4.118e-06,0.6856287425,0.6684606069,0,0,0,0
framingham,plaintext,37,4.108e-06,0,0,0,4.108e-06,0.6856287425,0.6678764241,0,0,0,0
framingham,plaintext,38,4.118e-06,0,0,0,4.118e-06,0.6856287425,0.6672971391,0,0,0,0
framingham,plaintext,39,4.158e-06,0,0,0,4.158e-06,0.6856287425,0.6667227089,0,0,0,0
framingham,plaintext,40,4.108e-06,0,0,0,4.108e-06,0.6856287425,0.6661530907,0,0,0,0
framingham,plaintext,41,4.118e-06,0,0,0,4.118e-06,0.6856287425,0.6655882419,0,0,0,0
framingham,plaintext,42,4.098e-06,0,0,0,4.098e-06,0.6826347305,0.6650281206,0,0,0,0
framingham,plaintext,43,4.097e-06,0,0,0,4.097e-06,0.6826347305,0.664472685,0,0,0,0
framingham,plaintext,44,4.118e-06,0,0,0,4.118e-06,0.6826347305,0.6639218937,0,0,0,0
framingham,plaintext,45,4.108e-06,0,0,0,4.108e-06,0.6856287425,0.6633757056,0,0,0,0
framingham,plaintext,46,4.108e-06,0,0,0,4.108e-06,0.6856287425,0.6628340801,0,0,0,0
framingham,plaintext,47,4.118e-06,0,0,0,4.118e-06,0.6856287425,0.6622969768,0,0,0,0
framingham,plaintext,48,4.117e-06,0,0,0,4.117e-06,0.6856287425,0.6617643556,0,0,0,0
framingham,plaintext,49,4.108e-06,0,0,0,4.108e-06,0.6856287425,0.6612361769,0,0,0,0
framingham,plaintext,50,4.118e-06,0,0,0,4.118e-06,0.6856287425,0.6607124013,0,0,0,0
framingham,plaintext,51,4.117e-06,0,0,0,4.117e-06,0.6856287425,0.6601929897,0,0,0,0
framingham,plaintext,52,4.128e-06,0,0,0,4.128e-06,0.6856287425,0.6596779036,0,0,0,0
framingham,plaintext,53,4.098e-06,0,0,0,4.098e-06,0.6856287425,0.6591671045,0,0,0,0
framingham,plaintext,54,4.108e-06,0,0,0,4.108e-06,0.6856287425,0.6586605544,0,0,0,0
framingham,plaintext,55,4.118e-06,0,0,0,4.118e-06,0.6856287425,0.6581582155,0,0,0,0
framingham,plaintext,56,4.118e-06,0,0,0,4.118e-06,0.6856287425,0.6576600506,0,0,0,0
framingham,plaintext,57,4.108e-06,0,0,0,4.108e-06,0.6856287425,0.6571660224,0,0,0,0
framingham,plaintext,58,4.168e-06,0,0,0,4.168e-06,0.6856287425,0.6566760944,0,0,0,0
framingham,plaintext,59,4.117e-06,0,0,0,4.117e-06,0.6856287425,0.6561902299,0,0,0,0
framingham,plaintext,60,4.118e-06,0,0,0,4.118e-06,0.6856287425,0.655708393,0,0,0,0
framingham,plaintext,61,4.118e-06,0,0,0,4.118e-06,0.6856287425,0.6552305478,0,0,0,0
framingham,plaintext,62,4.117e-06,0,0,0,4.117e-06,0.6856287425,0.6547566589,0,0,0,0
framingham,plaintext,63,4.128e-06,0,0,0,4.128e-06,0.6856287425,0.6542866909,0,0,0,0
framingham,plaintext,64,4.108e-06,0,0,0,4.108e-06,0.6856287425,0.6538206091,0,0,0,0
framingham,plaintext,65,4.128e-06,0,0,0,4.128e-06,0.6856287425,0.6533583789,0,0,0,0
framingham,plaintext,66,4.118e-06,0,0,0,4.118e-06,0.6856287425,0.6528999659,0,0,0,0
framingham,plaintext,67,4.128e-06,0,0,0,4.128e-06,0.6856287425,0.6524453363,0,0,0,0
framingham,plaintext,68,4.117e-06,0,0,0,4.117e-06,0.6856287425,0.6519944564,0,0,0,0
framingham,plaintext,69,4.108e-06,0,0,0,4.108e-06,0.6856287425,0.6515472927,0,0,0,0
framingham,plaintext,70,4.158e-06,0,0,0,4.158e-06,0.6856287425,0.6511038122,0,0,0,0
framingham,plaintext,71,4.107e-06,0,0,0,4.107e-06,0.6856287425,0.6506639821,0,0,0,0
framingham,plaintext,72,4.108e-06,0,0,0,4.108e-06,0.6856287425,0.6502277699,0,0,0,0
framingham,plaintext,73,4.108e-06,0,0,0,4.108e-06,0.6856287425,0.6497951433,0,0,0,0
framingham,plaintext,74,4.108e-06,0,0,0,4.108e-06,0.6856287425,0.6493660705,0,0,0,0
framingham,plaintext,75,4.108e-06,0,0,0,4.108e-06,0.6856287425,0.6489405198,0,0,0,0
framingham,plaintext,76,4.128e-06,0,0,0,4.128e-06,0.6856287425,0.6485184598,0,0,0,0
framingham,plaintext,77,4.117e-06,0,0,0,4.117e-06,0.6856287425,0.6480998595,0,0,0,0
framingham,plaintext,78,4.118e-06,0,0,0,4.118e-06,0.6856287425,0.647684688,0,0,0,0
framingham,plaintext,79,4.118e-06,0,0,0,4.118e-06,0.6856287425,0.6472729148,0,0,0,0
framingham,plaintext,80,4.118e-06,0,0,0,4.118e-06,0.6856287425,0.6468645096,0,0,0,0
framingham,plaintext,81,4.128e-06,0,0,0,4.128e-06,0.6856287425,0.6464594425,0,0,0,0
framingham,plaintext,82,4.128e-06,0,0,0,4.128e-06,0.6856287425,0.6460576837,0,0,0,0
framingham,plaintext,83,4.118e-06,0,0,0,4.118e-06,0.6856287425,0.6456592038,0,0,0,0
framingham,plaintext,84,4.107e-06,0,0,0,4.107e-06,0.6856287425,0.6452639736,0,0,0,0
framingham,plaintext,85,4.108e-06,0,0,0,4.108e-06,0.6856287425,0.6448719642,0,0,0,0
framingham,plaintext,86,4.118e-06,0,0,0,4.118e-06,0.6886227545,0.6444831469,0,0,0,0
framingham,plaintext,87,4.118e-06,0,0,0,4.118e-06,0.6886227545,0.6440974932,0,0,0,0
framingham,plaintext,88,4.118e-06,0,0,0,4.118e-06,0.6886227545,0.6437149751,0,0,0,0
framingham,plaintext,89,4.168e-06,0,0,0,4.168e-06,0.6886227545,0.6433355647,0,0,0,0
framingham,plaintext,90,4.118e-06,0,0,0,4.118e-06,0.6886227545,0.6429592343,0,0,0,0
framingham,plaintext,91,4.098e-06,0,0,0,4.098e-06,0.6886227545,0.6425859565,0,0,0,0
framingham,plaintext,92,4.098e-06,0,0,0,4.098e-06,0.6886227545,0.6422157042,0,0,0,0
framingham,plaintext,93,4.118e-06,0,0,0,4.118e-06,0.6886227545,0.6418484504,0,0,0,0
framingham,plaintext,94,4.098e-06,0,0,0,4.098e-06,0.6886227545,0.6414841686,0,0,0,0
framingham,plaintext,95,4.118e-06,0,0,0,4.118e-06,0.6886227545,0.6411228323,0,0,0,0
framingham,plaintext,96,4.108e-06,0,0,0,4.108e-06,0.6886227545,0.6407644154,0,0,0,0
framingham,plaintext,97,4.098e-06,0,0,0,4.098e-06,0.6886227545,0.6404088919,0,0,0,0
framingham,plaintext,98,4.118e-06,0,0,0,4.118e-06,0.6886227545,0.6400562361,0,0,0,0
framingham,plaintext,99,4.098e-06,0,0,0,4.098e-06,0.6916167665,0.6397064227,0,0,0,0
framingham,plaintext,100,4.108e-06,0,0,0,4.108e-06,0.6916167665,0.6393594262,0,0,0,0
framingham,simulated_bootstrapping,1,4.942068109,0.069441876,0,0.069441876,5.011509985,0.6886227545,0.6923548382,3.729503685e-14,1,6,0
framingham,simulated_bootstrapping,2,7.88638936,0.069963643,0,0.069963643,7.956353003,0.6886227545,0.6915691943,7.938745147e-14,1,6,0
framingham,simulated_bootstrapping,3,6.89193863,0.075827032,0,0.075827032,6.967765662,0.6886227545,0.6907901922,1.0608181e-13,1,6,0
framingham,simulated_bootstrapping,4,7.638684798,0.090903227,0,0.090903227,7.729588025,0.6886227545,0.6900177754,1.152311753e-13,1,6,0
framingham,simulated_bootstrapping,5,6.099391399,0.072983964,0,0.072983964,6.172375363,0.6886227545,0.689251888,1.068485578e-13,1,6,0
framingham,simulated_bootstrapping,6,6.229105417,0.071173569,0,0.071173569,6.300278986,0.6886227545,0.6884924744,9.322013647e-14,1,6,0
framingham,simulated_bootstrapping,7,5.646165577,0.072199561,0,0.072199561,5.718365138,0.6856287425,0.6877394794,8.254941869e-14,1,6,0
framingham,simulated_bootstrapping,8,7.349291494,0.078664323,0,0.078664323,7.427955817,0.6856287425,0.6869928482,8.399964752e-14,1,6,0
framingham,simulated_bootstrapping,9,7.547622424,0.077323636,0,0.077323636,7.62494606,0.6856287425,0.6862525265,9.202794776e-14,1,6,0
framingham,simulated_bootstrapping,10,6.547103487,0.072161689,0,0.072161689,6.619265176,0.6856287425,0.6855184602,8.077219449e-14,1,6,0
framingham,simulated_bootstrapping,11,7.487521211,0.072995492,0,0.072995492,7.560516703,0.6886227545,0.6847905957,8.5938201e-14,1,6,0
framingham,simulated_bootstrapping,12,5.363393015,0.076506688,0,0.076506688,5.439899703,0.6886227545,0.6840688797,1.128090676e-13,1,6,0
framingham,simulated_bootstrapping,13,6.290815394,0.07748426,0,0.07748426,6.368299654,0.6886227545,0.6833532595,1.057834376e-13,1,6,0
framingham,simulated_bootstrapping,14,4.399030176,0.073852574,0,0.073852574,4.47288275,0.6886227545,0.6826436825,9.169748294e-14,1,6,0
framingham,simulated_bootstrapping,15,7.426068286,0.076326104,0,0.076326104,7.50239439,0.6886227545,0.6819400967,9.454936833e-14,1,6,0
framingham,simulated_bootstrapping,16,6.8745717,0.077851509,0,0.077851509,6.952423209,0.6886227545,0.6812424505,9.602735274e-14,1,6,0
framingham,simulated_bootstrapping,17,6.203722523,0.0789674,0,0.0789674,6.282689923,0.6886227545,0.6805506924,9.979517213e-14,1,6,0
framingham,simulated_bootstrapping,18,5.863768619,0.072541813,0,0.072541813,5.936310432,0.6886227545,0.6798647717,1.049906689e-13,1,6,0
framingham,simulated_bootstrapping,19,7.261080275,0.073035575,0,0.073035575,7.33411585,0.6886227545,0.6791846377,1.119417059e-13,1,6,0
framingham,simulated_bootstrapping,20,6.202250193,0.079088088,0,0.079088088,6.281338281,0.6886227545,0.6785102404,1.184070203e-13,1,6,0
framingham,simulated_bootstrapping,21,7.17265778,0.072919677,0,0.072919677,7.245577457,0.6856287425,0.6778415299,1.341982081e-13,1,6,0
framingham,simulated_bootstrapping,22,5.113917688,0.072965612,0,0.072965612,5.1868833,0.6856287425,0.6771784569,1.567340008e-13,1,6,0
framingham,simulated_bootstrapping,23,7.377847332,0.080895152,0,0.080895152,7.458742484,0.6856287425,0.6765209724,1.719232395e-13,1,6,0
framingham,simulated_bootstrapping,24,8.186375142,0.07608823,0,0.07608823,8.262463372,0.6856287425,0.6758690277,1.710090403e-13,1,6,0
framingham,simulated_bootstrapping,25,6.172885086,0.075377059,0,0.075377059,6.248262145,0.6856287425,0.6752225746,1.68445119e-13,1,6,0
framingham,simulated_bootstrapping,26,7.674014516,0.07346292,0,0.07346292,7.747477436,0.6856287425,0.6745815651,1.760674939e-13,1,6,0
framingham,simulated_bootstrapping,27,5.253453815,0.07154506,0,0.07154506,5.324998875,0.6856287425,0.6739459519,1.946463823e-13,1,6,0
framingham,simulated_bootstrapping,28,6.063442513,0.084377583,0,0.084377583,6.147820096,0.6856287425,0.6733156878,2.020154877e-13,1,6,0
framingham,simulated_bootstrapping,29,6.903593653,0.081575532,0,0.081575532,6.985169185,0.6856287425,0.672690726,1.910971381e-13,1,6,0
framingham,simulated_bootstrapping,30,6.552988201,0.072185113,0,0.072185113,6.625173314,0.6856287425,0.6720710201,1.914093883e-13,1,6,0
framingham,simulated_bootstrapping,31,5.950561904,0.072872492,0,0.072872492,6.023434396,0.6856287425,0.671456524,1.995799359e-13,1,6,0
framingham,simulated_bootstrapping,32,6.810754776,0.073579735,0,0.073579735,6.884334511,0.6856287425,0.6708471922,1.964817198e-13,1,6,0
framingham,simulated_bootstrapping,33,5.308586254,0.074436888,0,0.074436888,5.383023142,0.6856287425,0.6702429794,2.100507268e-13,1,6,0
framingham,simulated_bootstrapping,34,5.395356712,0.071409546,0,0.071409546,5.466766258,0.6856287425,0.6696438405,1.81198806e-13,1,6,0
framingham,simulated_bootstrapping,35,6.277428356,0.073611554,0,0.073611554,6.35103991,0.6856287425,0.6690497311,1.833359853e-13,1,6,0
framingham,simulated_bootstrapping,36,6.702996055,0.077825331,0,0.077825331,6.780821386,0.6856287425,0.6684606069,1.910312186e-13,1,6,0
framingham,simulated_bootstrapping,37,5.757120868,0.072269132,0,0.072269132,5.82939,0.6856287425,0.6678764241,2.253822129e-13,1,6,0
framingham,simulated_bootstrapping,38,7.304246761,0.078320078,0,0.078320078,7.382566839,0.6856287425,0.6672971391,2.154491863e-13,1,6,0
framingham,simulated_bootstrapping,39,7.202882484,0.072008176,0,0.072008176,7.27489066,0.6856287425,0.6667227089,2.140891631e-13,1,6,0
framingham,simulated_bootstrapping,40,7.496569043,0.071853463,0,0.071853463,7.568422506,0.6856287425,0.6661530907,2.233768726e-13,1,6,0
framingham,simulated_bootstrapping,41,6.151679022,0.073070102,0,0.073070102,6.224749124,0.6856287425,0.6655882419,2.034934721e-13,1,6,0
framingham,simulated_bootstrapping,42,8.546496251,0.07060041,0,0.07060041,8.617096661,0.6826347305,0.6650281206,2.191614945e-13,1,6,0
framingham,simulated_bootstrapping,43,7.29041674,0.073437496,0,0.073437496,7.363854236,0.6826347305,0.664472685,2.367654683e-13,1,6,0
framingham,simulated_bootstrapping,44,4.949752516,0.072036038,0,0.072036038,5.021788554,0.6826347305,0.6639218937,2.4133473e-13,1,6,0
framingham,simulated_bootstrapping,45,7.263973206,0.072500697,0,0.072500697,7.336473903,0.6856287425,0.6633757056,2.330427518e-13,1,6,0
framingham,simulated_bootstrapping,46,6.167668728,0.072831665,0,0.072831665,6.240500393,0.6856287425,0.6628340801,2.136520127e-13,1,6,0
framingham,simulated_bootstrapping,47,7.235298371,0.073494882,0,0.073494882,7.308793253,0.6856287425,0.6622969768,2.033338775e-13,1,6,0
framingham,simulated_bootstrapping,48,7.673521629,0.090555929,0,0.090555929,7.764077558,0.6856287425,0.6617643556,2.296635104e-13,1,6,0
framingham,simulated_bootstrapping,49,7.477566765,0.081376788,0,0.081376788,7.558943553,0.6856287425,0.6612361769,2.381393693e-13,1,6,0
framingham,simulated_bootstrapping,50,7.947502792,0.074431361,0,0.074431361,8.021934153,0.6856287425,0.6607124013,2.323904957e-13,1,6,0
framingham,simulated_bootstrapping,51,6.803932121,0.074027577,0,0.074027577,6.877959698,0.6856287425,0.6601929897,2.500222251e-13,1,6,0
framingham,simulated_bootstrapping,52,8.399098939,0.071316401,0,0.071316401,8.47041534,0.6856287425,0.6596779036,2.462058335e-13,1,6,0
framingham,simulated_bootstrapping,53,7.931926421,0.076492728,0,0.076492728,8.008419149,0.6856287425,0.6591671045,2.222666495e-13,1,6,0
framingham,simulated_bootstrapping,54,7.57226631,0.077562908,0,0.077562908,7.649829218,0.6856287425,0.6586605544,2.2759572e-13,1,6,0
framingham,simulated_bootstrapping,55,7.49721212,0.07166034,0,0.07166034,7.56887246,0.6856287425,0.6581582155,2.464278781e-13,1,6,0
framingham,simulated_bootstrapping,56,7.457028457,0.082915241,0,0.082915241,7.539943698,0.6856287425,0.6576600506,2.649269693e-13,1,6,0
framingham,simulated_bootstrapping,57,7.958403855,0.080453749,0,0.080453749,8.038857604,0.6856287425,0.6571660224,2.593064652e-13,1,6,0
framingham,simulated_bootstrapping,58,6.733815379,0.096425159,0,0.096425159,6.830240538,0.6856287425,0.6566760944,2.561562074e-13,1,6,0
framingham,simulated_bootstrapping,59,6.739821669,0.08669077,0,0.08669077,6.826512439,0.6856287425,0.6561902299,2.59382793e-13,1,6,0
framingham,simulated_bootstrapping,60,7.514455354,0.077544214,0,0.077544214,7.591999568,0.6856287425,0.655708393,2.570790802e-13,1,6,0
framingham,simulated_bootstrapping,61,7.560409071,0.080891463,0,0.080891463,7.641300534,0.6856287425,0.6552305478,2.548239397e-13,1,6,0
framingham,simulated_bootstrapping,62,5.75936477,0.079267023,0,0.079267023,5.838631793,0.6856287425,0.6547566589,2.526312493e-13,1,6,0
framingham,simulated_bootstrapping,63,6.252688751,0.076551694,0,0.076551694,6.329240445,0.6856287425,0.6542866909,2.405020627e-13,1,6,0
framingham,simulated_bootstrapping,64,7.344053495,0.073166276,0,0.073166276,7.417219771,0.6856287425,0.6538206091,2.163200175e-13,1,6,0
framingham,simulated_bootstrapping,65,6.550961293,0.07085334,0,0.07085334,6.621814633,0.6856287425,0.6533583789,2.059047377e-13,1,6,0
framingham,simulated_bootstrapping,66,6.656226088,0.074178111,0,0.074178111,6.730404199,0.6856287425,0.6528999659,2.388922393e-13,1,6,0
framingham,simulated_bootstrapping,67,6.893150531,0.075085304,0,0.075085304,6.968235835,0.6856287425,0.6524453363,2.46566656e-13,1,6,0
framingham,simulated_bootstrapping,68,5.840938912,0.074700402,0,0.074700402,5.915639314,0.6856287425,0.6519944564,2.465805338e-13,1,6,0
framingham,simulated_bootstrapping,69,8.612670798,0.07399249,0,0.07399249,8.686663288,0.6856287425,0.6515472927,2.460393e-13,1,6,0
framingham,simulated_bootstrapping,70,7.586850292,0.074678512,0,0.074678512,7.661528804,0.6856287425,0.6511038122,2.638514407e-13,1,6,0
framingham,simulated_bootstrapping,71,6.851522558,0.072370561,0,0.072370561,6.923893119,0.6856287425,0.6506639821,2.401759347e-13,1,6,0
framingham,simulated_bootstrapping,72,5.36973027,0.077710767,0,0.077710767,5.447441037,0.6856287425,0.6502277699,2.536235111e-13,1,6,0
framingham,simulated_bootstrapping,73,5.26335711,0.072867665,0,0.072867665,5.336224775,0.6856287425,0.6497951433,2.665020982e-13,1,6,0
framingham,simulated_bootstrapping,74,7.467131144,0.076811825,0,0.076811825,7.543942969,0.6856287425,0.6493660705,2.48134846e-13,1,6,0
framingham,simulated_bootstrapping,75,7.739237269,0.074265049,0,0.074265049,7.813502318,0.6856287425,0.6489405198,2.294622825e-13,1,6,0
framingham,simulated_bootstrapping,76,8.047661206,0.078360905,0,0.078360905,8.126022111,0.6856287425,0.6485184598,2.331329574e-13,1,6,0
framingham,simulated_bootstrapping,77,7.205199995,0.071064918,0,0.071064918,7.276264913,0.6856287425,0.6480998595,2.271863253e-13,1,6,0
framingham,simulated_bootstrapping,78,7.138648994,0.071820338,0,0.071820338,7.210469332,0.6856287425,0.647684688,2.266867249e-13,1,6,0
framingham,simulated_bootstrapping,79,7.251895692,0.079404412,0,0.079404412,7.331300104,0.6856287425,0.6472729148,2.311206782e-13,1,6,0
framingham,simulated_bootstrapping,80,6.080749361,0.077497332,0,0.077497332,6.158246693,0.6856287425,0.6468645096,2.31585584e-13,1,6,0
framingham,simulated_bootstrapping,81,7.114070326,0.077652449,0,0.077652449,7.191722775,0.6856287425,0.6464594425,2.225719609e-13,1,6,0
framingham,simulated_bootstrapping,82,7.720194684,0.074723094,0,0.074723094,7.794917778,0.6856287425,0.6460576837,2.229050278e-13,1,6,0
framingham,simulated_bootstrapping,83,6.071525495,0.083632071,0,0.083632071,6.155157566,0.6856287425,0.6456592038,2.181380077e-13,1,6,0
framingham,simulated_bootstrapping,84,7.150279105,0.09118295,0,0.09118295,7.241462055,0.6856287425,0.6452639736,2.534292221e-13,1,6,0
framingham,simulated_bootstrapping,85,6.215244378,0.076040148,0,0.076040148,6.291284526,0.6856287425,0.6448719642,2.219682771e-13,1,6,0
framingham,simulated_bootstrapping,86,7.859576546,0.081029594,0,0.081029594,7.94060614,0.6886227545,0.6444831469,2.370256769e-13,1,6,0
framingham,simulated_bootstrapping,87,6.488646915,0.076404055,0,0.076404055,6.56505097,0.6886227545,0.6440974932,2.405714516e-13,1,6,0
framingham,simulated_bootstrapping,88,7.795933911,0.075118799,0,0.075118799,7.87105271,0.6886227545,0.6437149751,2.455674553e-13,1,6,0
framingham,simulated_bootstrapping,89,6.215688633,0.080414321,0,0.080414321,6.296102954,0.6886227545,0.6433355647,2.471911564e-13,1,6,0
framingham,simulated_bootstrapping,90,8.595375916,0.080720358,0,0.080720358,8.676096274,0.6886227545,0.6429592343,2.535471832e-13,1,6,0
framingham,simulated_bootstrapping,91,6.642265486,0.078278999,0,0.078278999,6.720544485,0.6886227545,0.6425859565,2.51729193e-13,1,6,0
framingham,simulated_bootstrapping,92,6.32537781,0.072716825,0,0.072716825,6.398094635,0.6886227545,0.6422157042,2.513822484e-13,1,6,0
framingham,simulated_bootstrapping,93,7.178870297,0.079780283,0,0.079780283,7.25865058,0.6886227545,0.6418484504,2.716299408e-13,1,6,0
framingham,simulated_bootstrapping,94,4.853013354,0.078399125,0,0.078399125,4.931412479,0.6886227545,0.6414841686,2.829403378e-13,1,6,0
framingham,simulated_bootstrapping,95,5.501269633,0.07188522,0,0.07188522,5.573154853,0.6886227545,0.6411228323,3.17787463e-13,1,6,0
framingham,simulated_bootstrapping,96,5.261421682,0.084927742,0,0.084927742,5.346349424,0.6886227545,0.6407644154,3.532105164e-13,1,6,0
framingham,simulated_bootstrapping,97,7.072632105,0.080291915,0,0.080291915,7.15292402,0.6886227545,0.6404088919,3.731251419e-13,1,6,0
framingham,simulated_bootstrapping,98,5.882276046,0.075652509,0,0.075652509,5.957928555,0.6886227545,0.6400562361,3.660266534e-13,1,6,0
framingham,simulated_bootstrapping,99,6.371982924,0.072411792,0,0.072411792,6.444394716,0.6916167665,0.6397064227,3.634176293e-13,1,6,0
framingham,simulated_bootstrapping,100,6.623948367,0.074015443,0,0.074015443,6.69796381,0.6916167665,0.6393594262,3.563330186e-13,1,6,0
framingham,real_bootstrapping,1,5.962012988,0,0.04616736,0,5.962012988,0.6886227545,0.6923548382,2.48091749e-14,0,6,6
framingham,real_bootstrapping,2,5.232016181,0,0.034980346,0,5.232016181,0.6886227545,0.6915691943,3.879080217e-14,0,13,13
framingham,real_bootstrapping,3,3.373807932,3.863452727,0.017786678,0.080249337,7.237260659,0.6886227545,0.6907902818,4.82269529e-07,1,20,19
framingham,real_bootstrapping,4,2.939787608,3.301888975,0.022664734,0.03987366,6.241676583,0.6886227545,0.6900177711,6.97776536e-07,1,26,19
framingham,real_bootstrapping,5,3.92245873,3.396985374,0.023607773,0.046411302,7.319444104,0.6886227545,0.6892518618,3.955972402e-07,1,26,19
framingham,real_bootstrapping,6,4.280764466,3.683418768,0.018439606,0.039961736,7.964183234,0.6886227545,0.6884924171,6.249942022e-07,1,26,19
framingham,real_bootstrapping,7,3.629800586,3.343558382,0.025708609,0.039584165,6.973358968,0.6856287425,0.6877394604,4.482064352e-07,1,26,19
framingham,real_bootstrapping,8,4.144095244,3.775339989,0.017628537,0.03918851,7.919435233,0.6856287425,0.6869928994,5.086675265e-07,1,26,19
framingham,real_bootstrapping,9,3.544542601,2.506102916,0.017516071,0.039840714,6.050645517,0.6856287425,0.6862525307,4.085513075e-07,1,26,19
framingham,real_bootstrapping,10,2.617900287,3.260858518,0.021682228,0.048099545,5.878758805,0.6856287425,0.6855183625,3.973626856e-07,1,26,19
framingham,real_bootstrapping,11,3.786572779,3.720461431,0.019874783,0.043958932,7.50703421,0.6886227545,0.6847904134,5.867776848e-07,1,26,19
framingham,real_bootstrapping,12,3.225037126,2.996354291,0.02125299,0.040199529,6.221391417,0.6886227545,0.6840688543,5.525694967e-07,1,26,19
framingham,real_bootstrapping,13,4.174643567,3.388635463,0.026037415,0.043300762,7.56327903,0.6886227545,0.6833531523,7.078235722e-07,1,26,19
framingham,real_bootstrapping,14,4.019686895,3.65266777,0.02120606,0.043548991,7.672354665,0.6886227545,0.6826436444,8.267638459e-07,1,26,19
framingham,real_bootstrapping,15,3.212139863,3.369769004,0.016964469,0.04735401,6.581908867,0.6886227545,0.6819401921,3.806130595e-07,1,26,19
framingham,real_bootstrapping,16,3.985164349,3.281447877,0.021314518,0.047642278,7.266612226,0.6886227545,0.6812423265,3.660361741e-07,1,26,19
framingham,real_bootstrapping,17,3.638899665,3.21406669,0.018622233,0.049663166,6.852966355,0.6886227545,0.6805506074,6.017387861e-07,1,26,19
framingham,real_bootstrapping,18,1.813789328,3.594099124,0.020593784,0.044544703,5.407888452,0.6886227545,0.6798648491,7.600783722e-07,1,26,19
framingham,real_bootstrapping,19,4.127202485,3.347575345,0.026644701,0.04689058,7.47477783,0.6886227545,0.6791846702,6.888086648e-07,1,26,19
framingham,real_bootstrapping,20,3.054835706,3.348887541,0.025057788,0.049340179,6.403723247,0.6886227545,0.678510094,7.373047745e-07,1,26,19
framingham,real_bootstrapping,21,3.648636545,3.454183613,0.02741821,0.039311488,7.102820158,0.6856287425,0.67784156,5.932521644e-07,1,26,19
framingham,real_bootstrapping,22,3.90306166,3.457579834,0.026089335,0.045998048,7.360641494,0.6856287425,0.6771783964,8.022569002e-07,1,26,19
framingham,real_bootstrapping,23,3.713969793,3.782986287,0.017581527,0.044515655,7.49695608,0.6856287425,0.676521008,8.152849245e-07,1,26,19
framingham,real_bootstrapping,24,3.935055671,3.792020831,0.027166394,0.058034995,7.727076502,0.6856287425,0.6758688858,6.517132105e-07,1,26,19
framingham,real_bootstrapping,25,4.152092737,3.022208906,0.018463809,0.046140575,7.174301643,0.6856287425,0.6752226099,4.859804217e-07,1,26,19
framingham,real_bootstrapping,26,4.611830912,3.191452672,0.017984955,0.039485144,7.803283584,0.6856287425,0.674581486,7.414562934e-07,1,26,19
framingham,real_bootstrapping,27,3.22178756,3.458618243,0.018994792,0.042967421,6.680405803,0.6856287425,0.6739459543,6.380761168e-07,1,26,19
framingham,real_bootstrapping,28,4.16900119,3.585360094,0.022179998,0.040489186,7.754361284,0.6856287425,0.6733156824,4.865912832e-07,1,26,19
framingham,real_bootstrapping,29,4.341803789,3.119980181,0.021537916,0.046312635,7.46178397,0.6856287425,0.6726907974,7.351812019e-07,1,26,19
framingham,real_bootstrapping,30,4.310909379,3.752804604,0.025693442,0.042712661,8.063713983,0.6856287425,0.6720709859,6.107459018e-07,1,26,19
framingham,real_bootstrapping,31,4.338438494,3.528525008,0.017026077,0.039050138,7.866963502,0.6856287425,0.6714564312,5.635279057e-07,1,26,19
framingham,real_bootstrapping,32,4.805797069,3.31705506,0.025601035,0.04400794,8.122852129,0.6856287425,0.6708472433,6.755629996e-07,1,26,19
framingham,real_bootstrapping,33,3.383171549,3.383920571,0.025354005,0.043378224,6.76709212,0.6856287425,0.6702430092,5.325323664e-07,1,26,19
framingham,real_bootstrapping,34,4.607603421,3.179672487,0.025480424,0.041982868,7.787275908,0.6856287425,0.6696437886,5.086281226e-07,1,26,19
framingham,real_bootstrapping,35,4.19433343,3.305743036,0.025409968,0.036913081,7.500076466,0.6856287425,0.6690497396,9.625718432e-07,1,26,19
framingham,real_bootstrapping,36,4.359766178,3.723873717,0.025795185,0.044354611,8.083639895,0.6856287425,0.66846054,4.760583222e-07,1,26,19
framingham,real_bootstrapping,37,3.945699079,3.260524296,0.022104193,0.067845113,7.206223375,0.6856287425,0.667876524,6.000108749e-07,1,26,19
framingham,real_bootstrapping,38,3.566012869,3.772355237,0.024860941,0.038194118,7.338368106,0.6856287425,0.6672971748,3.835710035e-07,1,26,19
framingham,real_bootstrapping,39,3.668177337,3.467925703,0.02429383,0.038653862,7.13610304,0.6856287425,0.6667227259,7.325992122e-07,1,26,19
framingham,real_bootstrapping,40,3.844243466,2.912076728,0.026066423,0.037113977,6.756320194,0.6856287425,0.6661530793,4.552395711e-07,1,26,19
framingham,real_bootstrapping,41,3.859232735,3.226906614,0.024907465,0.047851122,7.086139349,0.6856287425,0.6655882577,2.953103671e-07,1,26,19
framingham,real_bootstrapping,42,4.169187557,3.307496506,0.022588657,0.042228833,7.476684063,0.6826347305,0.6650279868,7.92013053e-07,1,26,19
framingham,real_bootstrapping,43,2.617606217,3.350119969,0.026009093,0.035830444,5.967726186,0.6826347305,0.6644726836,4.737644528e-07,1,26,19
framingham,real_bootstrapping,44,2.6076854,3.507164784,0.025537939,0.040296336,6.114850184,0.6826347305,0.6639218835,7.155883615e-07,1,26,19
framingham,real_bootstrapping,45,4.277852015,2.984229836,0.025582769,0.045450245,7.262081851,0.6856287425,0.6633756734,4.818046258e-07,1,26,19
framingham,real_bootstrapping,46,3.773946272,3.563298037,0.021988693,0.043991825,7.337244309,0.6856287425,0.6628340106,6.523831498e-07,1,26,19
framingham,real_bootstrapping,47,4.03974392,3.167765596,0.022236247,0.042788908,7.207509516,0.6856287425,0.6622968698,8.202739466e-07,1,26,19
framingham,real_bootstrapping,48,3.019937747,2.371649927,0.01771471,0.042511691,5.391587674,0.6856287425,0.6617641989,6.783501873e-07,1,26,19
framingham,real_bootstrapping,49,4.475885318,3.258385678,0.022644984,0.041150342,7.734270996,0.6856287425,0.6612361868,9.429559866e-07,1,26,19
framingham,real_bootstrapping,50,4.336467158,3.405264239,0.023371542,0.0394113,7.741731397,0.6856287425,0.6607123623,7.1473805e-07,1,26,19
framingham,real_bootstrapping,51,4.271890645,3.208695645,0.025489552,0.041152198,7.48058629,0.6856287425,0.6601930651,1.202665077e-06,1,26,19
framingham,real_bootstrapping,52,3.195676189,3.338053474,0.021807824,0.044105134,6.533729663,0.6856287425,0.659677836,5.144262294e-07,1,26,19
framingham,real_bootstrapping,53,4.73754822,3.154535798,0.026137595,0.036969275,7.892084018,0.6856287425,0.6591671699,5.659996711e-07,1,26,19
framingham,real_bootstrapping,54,3.778362193,3.199055745,0.025958467,0.042706769,6.977417938,0.6856287425,0.6586605713,8.740809341e-07,1,26,19
framingham,real_bootstrapping,55,4.412783549,3.644634292,0.025519939,0.060676701,8.057417841,0.6856287425,0.6581581344,9.910659513e-07,1,26,19
framingham,real_bootstrapping,56,3.454759257,2.648964404,0.018518515,0.039401528,6.103723661,0.6856287425,0.6576600393,8.529518618e-07,1,26,19
framingham,real_bootstrapping,57,3.916834705,2.857876665,0.025811645,0.04463852,6.77471137,0.6856287425,0.6571660661,4.778279104e-07,1,26,19
framingham,real_bootstrapping,58,3.090829002,3.456392376,0.025653213,0.041844899,6.547221378,0.6856287425,0.6566761335,3.979213591e-07,1,26,19
framingham,real_bootstrapping,59,4.525676186,3.378663207,0.02622723,0.043181798,7.904339393,0.6856287425,0.6561903162,8.040881125e-07,1,26,19
framingham,real_bootstrapping,60,4.242340496,2.771847211,0.017241658,0.041741834,7.014187707,0.6856287425,0.6557083176,1.120368065e-06,1,26,19
framingham,real_bootstrapping,61,1.919266709,3.565098758,0.022147578,0.042317804,5.484365467,0.6856287425,0.6552306103,5.42430264e-07,1,26,19
framingham,real_bootstrapping,62,4.210266055,3.29536971,0.021449765,0.042528103,7.505635765,0.6856287425,0.6547567706,6.424478207e-07,1,26,19
framingham,real_bootstrapping,63,4.285055537,3.524479921,0.025472428,0.038115925,7.809535458,0.6856287425,0.6542866803,9.491658166e-07,1,26,19
framingham,real_bootstrapping,64,4.216168561,3.163921144,0.020932689,0.042886886,7.380089705,0.6856287425,0.6538207446,1.067397823e-06,1,26,19
framingham,real_bootstrapping,65,4.561893458,3.449775543,0.025868384,0.035264388,8.011669001,0.6856287425,0.6533583271,7.158406657e-07,1,26,19
framingham,real_bootstrapping,66,3.955603169,3.599220371,0.022889451,0.04218416,7.55482354,0.6856287425,0.6528999417,5.470784057e-07,1,26,19
framingham,real_bootstrapping,67,3.769461451,3.058048681,0.018021255,0.041650006,6.827510132,0.6856287425,0.6524454136,8.731714745e-07,1,26,19
framingham,real_bootstrapping,68,3.682753692,3.862655002,0.021251099,0.043974011,7.545408694,0.6856287425,0.6519944421,6.834500969e-07,1,26,19
framingham,real_bootstrapping,69,4.620583321,3.047479249,0.02176146,0.042137928,7.66806257,0.6856287425,0.651547297,5.35630073e-07,1,26,19
framingham,real_bootstrapping,70,4.055063286,2.582635484,0.025679264,0.040643104,6.63769877,0.6856287425,0.6511039194,8.013610555e-07,1,26,19
framingham,real_bootstrapping,71,3.76838388,3.284275029,0.020353835,0.040480147,7.052658909,0.6856287425,0.6506640433,4.854857016e-07,1,26,19
framingham,real_bootstrapping,72,3.392183924,3.483876404,0.022374039,0.044463681,6.876060328,0.6856287425,0.6502278676,1.017071369e-06,1,26,19
framingham,real_bootstrapping,73,3.806551675,2.498131799,0.021226028,0.042703603,6.304683474,0.6856287425,0.6497950457,6.556420116e-07,1,26,19
framingham,real_bootstrapping,74,4.079806877,3.533630321,0.024570488,0.042543193,7.613437198,0.6856287425,0.6493662169,8.063681631e-07,1,26,19
framingham,real_bootstrapping,75,4.140875437,2.610802554,0.027070737,0.053977743,6.751677991,0.6856287425,0.6489405564,9.488875111e-07,1,26,19
framingham,real_bootstrapping,76,4.135500485,3.655030998,0.020765982,0.040616349,7.790531483,0.6856287425,0.6485185346,5.582107033e-07,1,26,19
framingham,real_bootstrapping,77,2.866072509,3.891531037,0.026569712,0.036027362,6.757603546,0.6856287425,0.6480998753,7.547262999e-07,1,26,19
framingham,real_bootstrapping,78,4.642351315,3.487515666,0.023898137,0.040525914,8.129866981,0.6856287425,0.6476846646,6.660175322e-07,1,26,19
framingham,real_bootstrapping,79,4.128318822,3.539051647,0.022281613,0.051739867,7.667370469,0.6856287425,0.647273073,1.100234145e-06,1,26,19
framingham,real_bootstrapping,80,4.176229707,3.498078926,0.026417526,0.039990731,7.674308633,0.6856287425,0.6468645874,5.841920398e-07,1,26,19
framingham,real_bootstrapping,81,4.005983541,3.402282724,0.027133067,0.039805714,7.408266265,0.6856287425,0.6464595144,6.438917049e-07,1,26,19
framingham,real_bootstrapping,82,4.28981643,3.39166062,0.019427611,0.04373339,7.68147705,0.6856287425,0.6460577489,5.640936098e-07,1,26,19
framingham,real_bootstrapping,83,3.414840389,3.419849788,0.016733439,0.036113156,6.834690177,0.6856287425,0.6456593301,5.28920901e-07,1,26,19
framingham,real_bootstrapping,84,3.296842862,3.500426607,0.026136655,0.044624403,6.797269469,0.6856287425,0.6452641268,9.000065118e-07,1,26,19
framingham,real_bootstrapping,85,2.827578671,3.293877867,0.018863693,0.036290106,6.121456538,0.6856287425,0.644871991,5.469304661e-07,1,26,19
framingham,real_bootstrapping,86,3.161678711,2.382861586,0.025352469,0.043213383,5.544540297,0.6886227545,0.6444831981,7.49040541e-07,1,26,19
framingham,real_bootstrapping,87,3.991094339,2.799420767,0.019564901,0.036779082,6.790515106,0.6886227545,0.6440976185,9.543956061e-07,1,26,19
framingham,real_bootstrapping,88,4.241387275,2.603078867,0.021678832,0.038218213,6.844466142,0.6886227545,0.6437150751,9.314720504e-07,1,26,19
framingham,real_bootstrapping,89,2.926430431,3.39023737,0.025930832,0.04311057,6.316667801,0.6886227545,0.6433355727,6.837697552e-07,1,26,19
framingham,real_bootstrapping,90,4.290852094,2.752887232,0.026135755,0.044224841,7.043739326,0.6886227545,0.6429593147,5.273976028e-07,1,26,19
framingham,real_bootstrapping,91,3.956918064,3.613026197,0.023133128,0.043491706,7.569944261,0.6886227545,0.6425860883,1.11084461e-06,1,26,19
framingham,real_bootstrapping,92,4.189658239,3.372108273,0.021338683,0.043663901,7.561766512,0.6886227545,0.6422156149,8.247646858e-07,1,26,19
framingham,real_bootstrapping,93,3.572508979,3.619041849,0.021528978,0.04486587,7.191550828,0.6886227545,0.6418484441,9.064354926e-07,1,26,19
framingham,real_bootstrapping,94,2.623897232,3.359845512,0.01796123,0.049494265,5.983742744,0.6886227545,0.641484167,8.117156656e-07,1,26,19
framingham,real_bootstrapping,95,3.922769499,4.035974917,0.02479083,0.041531024,7.958744416,0.6886227545,0.6411229378,9.42901075e-07,1,26,19
framingham,real_bootstrapping,96,3.937475484,3.425013225,0.025138623,0.041571659,7.362488709,0.6886227545,0.6407644852,6.043677524e-07,1,26,19
framingham,real_bootstrapping,97,3.894880296,3.552974366,0.019025454,0.039382562,7.447854662,0.6886227545,0.6404088823,6.690164357e-07,1,26,19
framingham,real_bootstrapping,98,2.413382307,2.02874804,0.025815422,0.038676576,4.442130347,0.6886227545,0.6400562814,8.600904292e-07,1,26,19
framingham,real_bootstrapping,99,3.835196975,3.508570745,0.024521166,0.045775728,7.34376772,0.6916167665,0.6397064704,7.782503003e-07,1,26,19
framingham,real_bootstrapping,100,3.324663452,2.842355598,0.021654958,0.041721947,6.16701905,0.6916167665,0.6393595218,5.999778922e-07,1,26,19
